<?xml version="1.0" encoding="UTF-8"?>
<project-private xmlns="http://www.netbeans.org/ns/project-private/1">
    <editor-bookmarks xmlns="http://www.netbeans.org/ns/editor-bookmarks/2" lastBookmarkId="0"/>
    <open-files xmlns="http://www.netbeans.org/ns/projectui-open-files/2">
        <group>
            <file>file:/E:/30-08-2017/OnlineCompiler/src/java/com/oracleconnection/Connections.java</file>
            <file>file:/E:/30-08-2017/OnlineCompiler/src/java/VerifyServlet.java</file>
            <file>file:/E:/30-08-2017/OnlineCompiler/src/java/LoginServlet.java</file>
            <file>file:/E:/30-08-2017/OnlineCompiler/src/java/SaveServlet.java</file>
            <file>file:/E:/30-08-2017/OnlineCompiler/web/logincap.html</file>
        </group>
    </open-files>
</project-private>
